filename,title
3gab.pdf,The Adventure of the Three Gables
3gar.pdf,The Adventure of the Three Garridebs
3stu.pdf,The Adventure of the Three Students
abbe.pdf,The Adventure of the Abbey Grange
bery.pdf,The Adventure of the Beryl Coronet
blac.pdf,The Adventure of Black Peter
blan.pdf,The Adventure of the Blanched Soldier
blue.pdf,The Adventure of the Blue Carbuncle
bosc.pdf,The Adventure of the Boscombe Valley Mystery
bruc.pdf,The Adventure of the Bruce-Partington Plans
card.pdf,The Adventure of the Cardboard Box
chas.pdf,The Adventure of Charles Augustus Milverton
copp.pdf,The Adventure of the Copper Beeches
cree.pdf,The Adventure of the Creeping Man
croo.pdf,The Adventure of the Crooked Man
danc.pdf,The Adventure of the Dancing Men
devi.pdf,The Adventure of the Devil's Foot
dyin.pdf,The Adventure of the Dying Detective
empt.pdf,The Adventure of the Empty House
engr.pdf,The Adventure of the Engineer's Thumb
fina.pdf,The Adventure of the Final Problem
five.pdf,The Adventure of the Five Orange Pips
glor.pdf,The Adventure of the Gloria Scott
gold.pdf,The Adventure of the Golden Pince-Nez
gree.pdf,The Adventure of the Greek Interpreter
houn.pdf,The Hound of the Baskervilles
iden.pdf,A Case of Identity
illu.pdf,The Adventure of the Illustrious Client
lady.pdf,The Disappearance of Lady Frances Carfax
last.pdf,His Last Bow
lion.pdf,The Adventure of the Lion's Mane
maza.pdf,The Adventure of the Mazarin Stone
miss.pdf,The Adventure of the Missing Three-Quarter
musg.pdf,The Adventure of the Musgrave Ritual
nava.pdf,The Adventure of the Naval Treaty
nobl.pdf,The Adventure of the Noble Bachelor
norw.pdf,The Adventure of the Norwood Builder
prio.pdf,The Adventure of the Priory School
redc.pdf,The Adventure of the Red Circle
redh.pdf,The Adventure of the Red-Headed League
reig.pdf,The Reigate Squires
resi.pdf,The Adventure of the Resident Patient
reti.pdf,The Adventure of the Retired Colourman
scan.pdf,A Scandal in Bohemia
seco.pdf,The Second Stain
shos.pdf,The Adventure of Shoscombe Old Place
sign.pdf,The Sign of Four
silv.pdf,The Adventure of Silver Blaze
sixn.pdf,The Adventure of the Six Napoleons
soli.pdf,The Adventure of the Solitary Cyclist
spec.pdf,The Adventure of the Speckled Band
stoc.pdf,The Adventure of the Stockbroker's Clerk
stud.pdf,A Study in Scarlet
suss.pdf,The Adventure of the Sussex Vampire
thor.pdf,The Problem of Thor Bridge
twis.pdf,The Man with the Twisted Lip
vall.pdf,The Valley of Fear
veil.pdf,The Adventure of the Veiled Lodger
wist.pdf,The Adventure of Wisteria Lodge
yell.pdf,The Yellow Face